,Date,Open,High,Low,Close,Adj Close,Volume
0,2020-08-01,0.0,0.0,0.0,0.0,0.0,1604789
1,2020-08-02,0.0,0.0,0.0,0.0,0.0,193098
2,2020-08-03,0.0,0.0,0.0,0.0,0.0,129225
3,2020-08-04,0.0,0.0,0.0,0.0,0.0,19717
4,2020-08-05,0.0,0.0,0.0,0.0,0.0,26869
5,2020-08-06,0.0,0.0,0.0,0.0,0.0,8708
6,2020-08-07,0.0,0.0,0.0,0.0,0.0,17529
7,2020-08-08,0.0,0.0,0.0,0.0,0.0,13773
8,2020-08-09,0.0,0.0,0.0,0.0,0.0,5190
9,2020-08-10,0.0,0.0,0.0,0.0,0.0,6105
10,2020-08-11,0.0,0.0,0.0,0.0,0.0,2896
11,2020-08-12,0.0,0.0,0.0,0.0,0.0,1868
12,2020-08-13,0.0,0.0,0.0,0.0,0.0,1723
13,2020-08-14,0.0,0.0,0.0,0.0,0.0,3567
14,2020-08-15,0.0,0.0,0.0,0.0,0.0,1479
15,2020-08-16,0.0,0.0,0.0,0.0,0.0,506
16,2020-08-17,0.0,0.0,0.0,0.0,0.0,543
17,2020-08-18,0.0,0.0,0.0,0.0,0.0,153
18,2020-08-19,0.0,0.0,0.0,0.0,0.0,3411
19,2020-08-20,0.0,0.0,0.0,0.0,0.0,2058
20,2020-08-21,0.0,0.0,0.0,0.0,0.0,4894
21,2020-08-22,0.0,0.0,0.0,0.0,0.0,8019
22,2020-08-23,0.0,0.0,0.0,0.0,0.0,763
23,2020-08-24,0.0,0.0,0.0,0.0,0.0,32
24,2020-08-25,0.0,0.0,0.0,0.0,0.0,377
25,2020-08-26,0.0,0.0,0.0,0.0,0.0,595
26,2020-08-27,0.0,0.0,0.0,0.0,0.0,2404
27,2020-08-28,0.0,0.0,0.0,0.0,0.0,7426
28,2020-08-29,0.0,0.0,0.0,0.0,0.0,4191
29,2020-08-30,0.0,0.0,0.0,0.0,0.0,40609
30,2020-08-31,0.0,0.0,0.0,0.0,0.0,6653
31,2020-09-01,0.0,0.0,0.0,0.0,0.0,16378
32,2020-09-02,0.0,0.0,0.0,0.0,0.0,61769
33,2020-09-03,0.0,0.0,0.0,0.0,0.0,70619
34,2020-09-04,0.0,0.0,0.0,0.0,0.0,36623
35,2020-09-05,0.0,0.0,0.0,0.0,0.0,12080
36,2020-09-06,0.0,0.0,0.0,0.0,0.0,15529
37,2020-09-07,0.0,0.0,0.0,0.0,0.0,5673
38,2020-09-08,0.0,0.0,0.0,0.0,0.0,4343
39,2020-09-09,0.0,0.0,0.0,0.0,0.0,2993
40,2020-09-10,0.0,0.0,0.0,0.0,0.0,656
41,2020-09-11,0.0,0.0,0.0,0.0,0.0,79
42,2020-09-12,0.0,0.0,0.0,0.0,0.0,728
43,2020-09-13,0.0,0.0,0.0,0.0,0.0,697
44,2020-09-14,0.0,0.0,0.0,0.0,0.0,883
45,2020-09-15,0.0,0.0,0.0,0.0,0.0,429
46,2020-09-16,0.0,0.0,0.0,0.0,0.0,101
47,2020-09-17,0.0,0.0,0.0,0.0,0.0,1301
48,2020-09-18,0.0,0.0,0.0,0.0,0.0,290
49,2020-09-19,0.0,0.0,0.0,0.0,0.0,3568
50,2020-09-20,0.0,0.0,0.0,0.0,0.0,2796
51,2020-09-21,0.0,0.0,0.0,0.0,0.0,1881
52,2020-09-22,0.0,0.0,0.0,0.0,0.0,468
53,2020-09-23,0.0,0.0,0.0,0.0,0.0,505
54,2020-09-24,0.0,0.0,0.0,0.0,0.0,172
55,2020-09-25,0.0,0.0,0.0,0.0,0.0,206
56,2020-09-26,0.0,0.0,0.0,0.0,0.0,249
57,2020-09-27,0.0,0.0,0.0,0.0,0.0,2378
58,2020-09-28,0.0,0.0,0.0,0.0,0.0,640
59,2020-09-29,0.0,0.0,0.0,0.0,0.0,250
60,2020-09-30,0.0,0.0,0.0,0.0,0.0,512
61,2020-10-01,0.0,0.0,0.0,0.0,0.0,305
62,2020-10-02,0.0,0.0,0.0,0.0,0.0,8948
63,2020-10-03,0.0,0.0,0.0,0.0,0.0,9065
64,2020-10-04,0.0,0.0,0.0,0.0,0.0,9203
65,2020-10-05,0.0,0.0,0.0,0.0,0.0,2628
66,2020-10-06,0.0,0.0,0.0,0.0,0.0,3932
67,2020-10-07,0.0,0.0,0.0,0.0,0.0,5086
68,2020-10-08,0.0,0.0,0.0,0.0,0.0,748
69,2020-10-09,0.0,0.0,0.0,0.0,0.0,1197
70,2020-10-10,0.0,0.0,0.0,0.0,0.0,304
71,2020-10-11,0.0,0.0,0.0,0.0,0.0,10
72,2020-10-12,0.0,0.0,0.0,0.0,0.0,109
73,2020-10-13,0.0,0.0,0.0,0.0,0.0,1214
74,2020-10-14,0.0,0.0,0.0,0.0,0.0,53
75,2020-10-15,0.0,0.0,0.0,0.0,0.0,25
76,2020-10-16,0.0,0.0,0.0,0.0,0.0,179
77,2020-10-17,0.0,0.0,0.0,0.0,0.0,45
78,2020-10-18,0.0,0.0,0.0,0.0,0.0,4
79,2020-10-19,0.0,0.0,0.0,0.0,0.0,58
80,2020-10-20,0.0,0.0,0.0,0.0,0.0,514
81,2020-10-21,0.0,0.0,0.0,0.0,0.0,534
82,2020-10-22,0.0,0.0,0.0,0.0,0.0,28
83,2020-10-23,0.0,0.0,0.0,0.0,0.0,0
84,2020-10-24,0.0,0.0,0.0,0.0,0.0,0
85,2020-10-25,0.0,0.0,0.0,0.0,0.0,0
86,2020-10-26,0.0,0.0,0.0,0.0,0.0,0
87,2020-10-27,0.0,0.0,0.0,0.0,0.0,0
88,2020-10-28,0.0,0.0,0.0,0.0,0.0,460
89,2020-10-29,0.0,0.0,0.0,0.0,0.0,13
90,2020-10-30,0.0,0.0,0.0,0.0,0.0,84
91,2020-10-31,0.0,0.0,0.0,0.0,0.0,171
92,2020-11-01,0.0,0.0,0.0,0.0,0.0,1
93,2020-11-02,0.0,0.0,0.0,0.0,0.0,662
94,2020-11-03,0.0,0.0,0.0,0.0,0.0,429
95,2020-11-04,0.0,0.0,0.0,0.0,0.0,36
96,2020-11-05,0.0,0.0,0.0,0.0,0.0,199
97,2020-11-06,0.0,0.0,0.0,0.0,0.0,11
98,2020-11-07,0.0,0.0,0.0,0.0,0.0,0
99,2020-11-08,0.0,0.0,0.0,0.0,0.0,0
100,2020-11-09,0.0,0.0,0.0,0.0,0.0,62
101,2020-11-10,0.0,0.0,0.0,0.0,0.0,0
102,2020-11-11,0.0,0.0,0.0,0.0,0.0,0
103,2020-11-12,0.0,0.0,0.0,0.0,0.0,1374
104,2020-11-13,0.0,0.0,0.0,0.0,0.0,713
105,2020-11-14,0.0,0.0,0.0,0.0,0.0,136
106,2020-11-15,0.0,0.0,0.0,0.0,0.0,10
107,2020-11-16,0.0,0.0,0.0,0.0,0.0,36
108,2020-11-17,0.0,0.0,0.0,0.0,0.0,9
109,2020-11-18,0.0,0.0,0.0,0.0,0.0,9
110,2020-11-19,0.0,0.0,0.0,0.0,0.0,2
111,2020-11-20,0.0,0.0,0.0,0.0,0.0,158
112,2020-11-21,0.0,0.0,0.0,0.0,0.0,60
113,2020-11-22,0.0,0.0,0.0,0.0,0.0,83
114,2020-11-23,0.0,0.0,0.0,0.0,0.0,0
115,2020-11-24,0.0,0.0,0.0,0.0,0.0,0
116,2020-11-25,0.0,0.0,0.0,0.0,0.0,0
117,2020-11-26,0.0,0.0,0.0,0.0,0.0,0
118,2020-11-27,0.0,0.0,0.0,0.0,0.0,9
119,2020-11-28,0.0,0.0,0.0,0.0,0.0,1380
120,2020-11-29,0.0,0.0,0.0,0.0,0.0,8
121,2020-11-30,0.0,0.0,0.0,0.0,0.0,154
122,2020-12-01,0.0,0.0,0.0,0.0,0.0,0
123,2020-12-02,0.0,0.0,0.0,0.0,0.0,0
124,2020-12-03,0.0,0.0,0.0,0.0,0.0,0
125,2020-12-04,0.0,0.0,0.0,0.0,0.0,36
126,2020-12-05,0.0,0.0,0.0,0.0,0.0,12
127,2020-12-06,0.0,0.0,0.0,0.0,0.0,6
128,2020-12-07,0.0,0.0,0.0,0.0,0.0,0
129,2020-12-08,0.0,0.0,0.0,0.0,0.0,20
130,2020-12-09,0.0,0.0,0.0,0.0,0.0,0
131,2020-12-10,0.0,0.0,0.0,0.0,0.0,0
132,2020-12-11,0.0,0.0,0.0,0.0,0.0,71
133,2020-12-12,0.0,0.0,0.0,0.0,0.0,6
134,2020-12-13,0.0,0.0,0.0,0.0,0.0,21
135,2020-12-14,0.0,0.0,0.0,0.0,0.0,346
136,2020-12-15,0.0,0.0,0.0,0.0,0.0,0
137,2020-12-16,0.0,0.0,0.0,0.0,0.0,0
138,2020-12-17,0.0,0.0,0.0,0.0,0.0,0
139,2020-12-18,0.0,0.0,0.0,0.0,0.0,0
140,2020-12-19,0.0,0.0,0.0,0.0,0.0,13
141,2020-12-20,0.0,0.0,0.0,0.0,0.0,3
142,2020-12-21,0.0,0.0,0.0,0.0,0.0,0
143,2020-12-22,0.0,0.0,0.0,0.0,0.0,0
144,2020-12-23,0.0,0.0,0.0,0.0,0.0,0
145,2020-12-24,0.0,0.0,0.0,0.0,0.0,0
146,2020-12-25,0.0,0.0,0.0,0.0,0.0,0
147,2020-12-26,0.0,0.0,0.0,0.0,0.0,9
148,2020-12-27,0.0,0.0,0.0,0.0,0.0,213
149,2020-12-28,0.0,0.0,0.0,0.0,0.0,0
150,2020-12-29,0.0,0.0,0.0,0.0,0.0,119
151,2020-12-30,0.0,0.0,0.0,0.0,0.0,0
152,2020-12-31,0.0,0.0,0.0,0.0,0.0,0
153,2021-01-01,0.0,0.0,0.0,0.0,0.0,0
154,2021-01-02,0.0,0.0,0.0,0.0,0.0,78
155,2021-01-03,0.0,0.0,0.0,0.0,0.0,2
156,2021-01-04,0.0,0.0,0.0,0.0,0.0,0
157,2021-01-05,0.0,0.0,0.0,0.0,0.0,18
158,2021-01-06,0.0,0.0,0.0,0.0,0.0,0
159,2021-01-07,0.0,0.0,0.0,0.0,0.0,0
160,2021-01-08,0.0,0.0,0.0,0.0,0.0,0
161,2021-01-09,0.0,0.0,0.0,0.0,0.0,201
162,2021-01-10,0.0,0.0,0.0,0.0,0.0,202
163,2021-01-11,0.0,0.0,0.0,0.0,0.0,66
164,2021-01-12,0.0,0.0,0.0,0.0,0.0,125
165,2021-01-13,0.0,0.0,0.0,0.0,0.0,0
166,2021-01-14,0.0,0.0,0.0,0.0,0.0,619
167,2021-01-15,0.0,0.0,0.0,0.0,0.0,623
168,2021-01-16,0.0,0.0,0.0,0.0,0.0,1226
169,2021-01-17,0.0,0.0,0.0,0.0,0.0,48
170,2021-01-18,0.0,0.0,0.0,0.0,0.0,45
171,2021-01-19,0.0,0.0,0.0,0.0,0.0,8
172,2021-01-20,0.0,0.0,0.0,0.0,0.0,0
173,2021-01-21,0.0,0.0,0.0,0.0,0.0,0
174,2021-01-22,0.0,0.0,0.0,0.0,0.0,52
175,2021-01-23,0.0,0.0,0.0,0.0,0.0,0
176,2021-01-24,0.0,0.0,0.0,0.0,0.0,0
177,2021-01-25,0.0,0.0,0.0,0.0,0.0,473
178,2021-01-26,0.0,0.0,0.0,0.0,0.0,132
179,2021-01-27,0.0,0.0,0.0,0.0,0.0,38
180,2021-01-28,0.0,0.0,0.0,0.0,0.0,13
181,2021-01-29,0.0,0.0,0.0,0.0,0.0,523
182,2021-01-30,0.0,0.0,0.0,0.0,0.0,5708932
183,2021-01-31,0.0,0.0,0.0,0.0,0.0,23921741
184,2021-02-01,0.0,0.0,0.0,0.0,0.0,18665191
185,2021-02-02,0.0,0.0,0.0,0.0,0.0,5559512
186,2021-02-03,0.0,0.0,0.0,0.0,0.0,2682178
187,2021-02-04,0.0,0.0,0.0,0.0,0.0,1804078
188,2021-02-05,0.0,0.0,0.0,0.0,0.0,1298642
189,2021-02-06,0.0,0.0,0.0,0.0,0.0,595379
190,2021-02-07,0.0,0.0,0.0,0.0,0.0,1325910
191,2021-02-08,0.0,0.0,0.0,0.0,0.0,6113372
192,2021-02-09,0.0,0.0,0.0,0.0,0.0,1143430
193,2021-02-10,0.0,0.0,0.0,0.0,0.0,933735
194,2021-02-11,0.0,0.0,0.0,0.0,0.0,560752
195,2021-02-12,0.0,0.0,0.0,0.0,0.0,388735
196,2021-02-13,0.0,0.0,0.0,0.0,0.0,249169
197,2021-02-14,0.0,0.0,0.0,0.0,0.0,355425
198,2021-02-15,0.0,0.0,0.0,0.0,0.0,186938
199,2021-02-16,0.0,0.0,0.0,0.0,0.0,253570
200,2021-02-17,0.0,0.0,0.0,0.0,0.0,134903
201,2021-02-18,0.0,0.0,0.0,0.0,0.0,85076
202,2021-02-19,0.0,0.0,0.0,0.0,0.0,105110
203,2021-02-20,0.0,0.0,0.0,0.0,0.0,259931
204,2021-02-21,0.0,0.0,0.0,0.0,0.0,124684
205,2021-02-22,0.0,0.0,0.0,0.0,0.0,102994
206,2021-02-23,0.0,0.0,0.0,0.0,0.0,34174
207,2021-02-24,0.0,0.0,0.0,0.0,0.0,54984
208,2021-02-25,0.0,0.0,0.0,0.0,0.0,31669
209,2021-02-26,0.0,0.0,0.0,0.0,0.0,147256
210,2021-02-27,0.0,0.0,0.0,0.0,0.0,481991
211,2021-02-28,0.0,0.0,0.0,0.0,0.0,3832192
212,2021-03-01,0.0,0.0,0.0,0.0,0.0,991095
213,2021-03-02,0.0,0.0,0.0,0.0,0.0,528326
214,2021-03-03,0.0,0.0,0.0,0.0,0.0,1427316
215,2021-03-04,0.0,0.0,0.0,0.0,0.0,3502637
216,2021-03-05,0.0,0.0,0.0,0.0,0.0,2107990
217,2021-03-06,0.0,0.0,0.0,0.0,0.0,479871
218,2021-03-07,0.0,0.0,0.0,0.0,0.0,607173
219,2021-03-08,0.0,0.0,0.0,0.0,0.0,545662
220,2021-03-09,0.0,0.0,0.0,0.0,0.0,725264
221,2021-03-10,0.0,0.0,0.0,0.0,0.0,310950
222,2021-03-11,0.0,0.0,0.0,0.0,0.0,377979
223,2021-03-12,0.0,0.0,0.0,0.0,0.0,475257
224,2021-03-13,0.0,0.0,0.0,0.0,0.0,1283595
225,2021-03-14,0.0,0.0,0.0,0.0,0.0,226958
226,2021-03-15,0.0,0.0,0.0,0.0,0.0,11569431
227,2021-03-16,0.0,0.0,0.0,0.0,0.0,5609681
228,2021-03-17,0.0,0.0,0.0,0.0,0.0,3220467
229,2021-03-18,0.0,0.0,0.0,0.0,0.0,1423541
230,2021-03-19,0.0,0.0,0.0,0.0,0.0,2396974
231,2021-03-20,0.0,0.0,0.0,0.0,0.0,1165956
232,2021-03-21,0.0,0.0,0.0,0.0,0.0,1833105
233,2021-03-22,0.0,0.0,0.0,0.0,0.0,1425544
234,2021-03-23,0.0,0.0,0.0,0.0,0.0,900688
235,2021-03-24,0.0,0.0,0.0,0.0,0.0,539037
236,2021-03-25,0.0,0.0,0.0,0.0,0.0,602385
237,2021-03-26,0.0,0.0,0.0,0.0,0.0,722333
238,2021-03-27,0.0,0.0,0.0,0.0,0.0,514845
239,2021-03-28,0.0,0.0,0.0,0.0,0.0,1143577
240,2021-03-29,0.0,0.0,0.0,0.0,0.0,2342924
241,2021-03-30,0.0,0.0,0.0,0.0,0.0,941404
242,2021-03-31,0.0,0.0,0.0,0.0,0.0,1022750
243,2021-04-01,0.0,0.0,0.0,0.0,0.0,1238056
244,2021-04-02,0.0,0.0,0.0,0.0,0.0,1253053
245,2021-04-03,0.0,0.0,0.0,0.0,0.0,812224
246,2021-04-04,0.0,0.0,0.0,0.0,0.0,1264328
247,2021-04-05,0.0,0.0,0.0,0.0,0.0,1161738
248,2021-04-06,0.0,0.0,0.0,0.0,0.0,1294612
249,2021-04-07,0.0,0.0,0.0,0.0,0.0,835694
250,2021-04-08,0.0,0.0,0.0,0.0,0.0,338731
251,2021-04-09,0.0,0.0,0.0,0.0,0.0,610176
252,2021-04-10,0.0,0.0,0.0,0.0,0.0,1272821
253,2021-04-11,0.0,0.0,0.0,0.0,0.0,6995583
254,2021-04-12,0.0,0.0,0.0,0.0,0.0,17561875
255,2021-04-13,0.0,0.0,0.0,0.0,0.0,13314013
256,2021-04-14,0.0,0.0,0.0,0.0,0.0,6349137
257,2021-04-15,0.0,0.0,0.0,0.0,0.0,14718200
258,2021-04-16,0.0,9.999999974752427e-07,0.0,9.999999974752427e-07,9.999999974752427e-07,161689870
259,2021-04-17,9.999999974752427e-07,3.000000106112566e-06,9.999999974752427e-07,1.9999999949504854e-06,1.9999999949504854e-06,460833712
260,2021-04-18,1.9999999949504854e-06,1.9999999949504854e-06,9.999999974752427e-07,1.9999999949504854e-06,1.9999999949504854e-06,142743623
261,2021-04-19,1.9999999949504854e-06,3.999999989900971e-06,1.9999999949504854e-06,3.999999989900971e-06,3.999999989900971e-06,424418998
262,2021-04-20,3.999999989900971e-06,3.999999989900971e-06,1.9999999949504854e-06,1.9999999949504854e-06,1.9999999949504854e-06,526088540
263,2021-04-21,1.9999999949504854e-06,3.000000106112566e-06,9.999999974752427e-07,9.999999974752427e-07,9.999999974752427e-07,290865031
264,2021-04-22,9.999999974752427e-07,1.9999999949504854e-06,9.999999974752427e-07,1.9999999949504854e-06,1.9999999949504854e-06,194322190
265,2021-04-23,1.9999999949504854e-06,1.9999999949504854e-06,9.999999974752427e-07,9.999999974752427e-07,9.999999974752427e-07,151001682
266,2021-04-24,9.999999974752427e-07,1.9999999949504854e-06,9.999999974752427e-07,9.999999974752427e-07,9.999999974752427e-07,83694373
267,2021-04-25,9.999999974752427e-07,9.999999974752427e-07,9.999999974752427e-07,9.999999974752427e-07,9.999999974752427e-07,90558038
268,2021-04-26,9.999999974752427e-07,9.999999974752427e-07,9.999999974752427e-07,9.999999974752427e-07,9.999999974752427e-07,102581471
269,2021-04-27,9.999999974752427e-07,9.999999974752427e-07,9.999999974752427e-07,9.999999974752427e-07,9.999999974752427e-07,102515602
270,2021-04-28,9.999999974752427e-07,1.9999999949504854e-06,9.999999974752427e-07,9.999999974752427e-07,9.999999974752427e-07,139690065
271,2021-04-29,9.999999974752427e-07,1.9999999949504854e-06,9.999999974752427e-07,9.999999974752427e-07,9.999999974752427e-07,96378675
272,2021-04-30,9.999999974752427e-07,1.9999999949504854e-06,9.999999974752427e-07,1.9999999949504854e-06,1.9999999949504854e-06,133732362
273,2021-05-01,1.9999999949504854e-06,1.9999999949504854e-06,1.9999999949504854e-06,1.9999999949504854e-06,1.9999999949504854e-06,92395224
274,2021-05-02,1.9999999949504854e-06,1.9999999949504854e-06,1.9999999949504854e-06,1.9999999949504854e-06,1.9999999949504854e-06,59652130
275,2021-05-03,1.9999999949504854e-06,1.9999999949504854e-06,1.9999999949504854e-06,1.9999999949504854e-06,1.9999999949504854e-06,40570107
276,2021-05-04,1.9999999949504854e-06,1.9999999949504854e-06,1.9999999949504854e-06,1.9999999949504854e-06,1.9999999949504854e-06,64001867
277,2021-05-05,1.9999999949504854e-06,1.9999999949504854e-06,1.9999999949504854e-06,1.9999999949504854e-06,1.9999999949504854e-06,47093779
278,2021-05-06,1.9999999949504854e-06,1.9999999949504854e-06,9.999999974752427e-07,1.9999999949504854e-06,1.9999999949504854e-06,27406652
279,2021-05-07,1.9999999949504854e-06,3.000000106112566e-06,9.999999974752427e-07,3.000000106112566e-06,3.000000106112566e-06,367358434
280,2021-05-08,3.000000106112566e-06,1.8999999156221747e-05,3.000000106112566e-06,1.5999999959603883e-05,1.5999999959603883e-05,6118033567
281,2021-05-09,1.5999999959603883e-05,1.9999999494757503e-05,1.2000000424450263e-05,1.5999999959603883e-05,1.5999999959603883e-05,6171534719
282,2021-05-10,1.5999999959603883e-05,3.899999865097925e-05,1.4000000192027073e-05,3.5000000934815034e-05,3.5000000934815034e-05,19546576207
283,2021-05-11,3.5000000934815034e-05,3.7999998312443495e-05,2.8000000384054147e-05,3.099999958067201e-05,3.099999958067201e-05,9743912953
284,2021-05-12,2.9999999242136255e-05,3.099999958067201e-05,1.8000000636675395e-05,1.8000000636675395e-05,1.8000000636675395e-05,7320441816
285,2021-05-13,1.8000000636675395e-05,2.4000000848900527e-05,1.4999999621068127e-05,2.099999983329326e-05,2.099999983329326e-05,6879491005
286,2021-05-14,2.099999983329326e-05,2.2000000171829015e-05,1.8000000636675395e-05,1.8999999156221747e-05,1.8999999156221747e-05,2909604830
287,2021-05-15,1.8000000636675395e-05,1.8999999156221747e-05,1.4999999621068127e-05,1.5999999959603883e-05,1.5999999959603883e-05,2607873205
288,2021-05-16,1.5999999959603883e-05,1.9999999494757503e-05,1.2999999853491317e-05,1.8000000636675395e-05,1.8000000636675395e-05,3225440403
289,2021-05-17,1.8000000636675395e-05,1.8000000636675395e-05,1.4000000192027073e-05,1.5999999959603883e-05,1.5999999959603883e-05,3466116394
290,2021-05-18,1.700000029813964e-05,1.8000000636675395e-05,1.4999999621068127e-05,1.5999999959603883e-05,1.5999999959603883e-05,1743302789
291,2021-05-19,1.5999999959603883e-05,1.5999999959603883e-05,6.000000212225132e-06,9.000000318337698e-06,9.000000318337698e-06,3271067996
292,2021-05-20,9.000000318337698e-06,1.2000000424450263e-05,7.999999979801942e-06,9.999999747378752e-06,9.999999747378752e-06,2507945867
293,2021-05-21,9.999999747378752e-06,9.999999747378752e-06,7.000000096013537e-06,7.999999979801942e-06,7.999999979801942e-06,1547207565
294,2021-05-22,7.999999979801942e-06,9.999999747378752e-06,7.000000096013537e-06,7.999999979801942e-06,7.999999979801942e-06,1229821215
295,2021-05-23,7.999999979801942e-06,9.999999747378752e-06,7.000000096013537e-06,7.999999979801942e-06,7.999999979801942e-06,1585032040
296,2021-05-24,7.999999979801942e-06,1.2000000424450263e-05,7.999999979801942e-06,1.1000000085914508e-05,1.1000000085914508e-05,2179651359
297,2021-05-25,1.1000000085914508e-05,1.1000000085914508e-05,9.000000318337698e-06,9.000000318337698e-06,9.000000318337698e-06,1415340765
298,2021-05-26,9.000000318337698e-06,9.999999747378752e-06,9.000000318337698e-06,9.999999747378752e-06,9.999999747378752e-06,994520516
299,2021-05-27,9.999999747378752e-06,9.999999747378752e-06,9.000000318337698e-06,9.000000318337698e-06,9.000000318337698e-06,679602960
300,2021-05-28,9.000000318337698e-06,9.000000318337698e-06,7.999999979801942e-06,7.999999979801942e-06,7.999999979801942e-06,690703669
301,2021-05-29,7.999999979801942e-06,7.999999979801942e-06,7.000000096013537e-06,7.999999979801942e-06,7.999999979801942e-06,502184994
302,2021-05-30,7.999999979801942e-06,7.999999979801942e-06,7.999999979801942e-06,7.999999979801942e-06,7.999999979801942e-06,440967883
303,2021-05-31,7.999999979801942e-06,9.999999747378752e-06,7.999999979801942e-06,9.000000318337698e-06,9.000000318337698e-06,910298126
304,2021-06-01,9.000000318337698e-06,9.000000318337698e-06,7.999999979801942e-06,9.000000318337698e-06,9.000000318337698e-06,795576484
305,2021-06-02,9.000000318337698e-06,9.999999747378752e-06,9.000000318337698e-06,9.000000318337698e-06,9.000000318337698e-06,1190841704
306,2021-06-03,9.000000318337698e-06,9.999999747378752e-06,9.000000318337698e-06,9.999999747378752e-06,9.999999747378752e-06,841784028
307,2021-06-04,9.999999747378752e-06,9.999999747378752e-06,7.999999979801942e-06,9.000000318337698e-06,9.000000318337698e-06,819027578
308,2021-06-05,9.000000318337698e-06,9.000000318337698e-06,7.999999979801942e-06,7.999999979801942e-06,7.999999979801942e-06,507707187
309,2021-06-06,7.999999979801942e-06,9.000000318337698e-06,7.999999979801942e-06,9.000000318337698e-06,9.000000318337698e-06,359457882
310,2021-06-07,9.000000318337698e-06,9.000000318337698e-06,7.999999979801942e-06,7.999999979801942e-06,7.999999979801942e-06,469707680
311,2021-06-08,7.999999979801942e-06,7.999999979801942e-06,6.000000212225132e-06,7.000000096013537e-06,7.000000096013537e-06,794735555
312,2021-06-09,7.000000096013537e-06,7.999999979801942e-06,7.000000096013537e-06,7.000000096013537e-06,7.000000096013537e-06,546752922
313,2021-06-10,7.000000096013537e-06,7.000000096013537e-06,7.000000096013537e-06,7.000000096013537e-06,7.000000096013537e-06,420178357
314,2021-06-11,7.000000096013537e-06,7.000000096013537e-06,6.000000212225132e-06,6.000000212225132e-06,6.000000212225132e-06,402206125
315,2021-06-12,6.000000212225132e-06,7.000000096013537e-06,6.000000212225132e-06,6.000000212225132e-06,6.000000212225132e-06,602206703
316,2021-06-13,6.000000212225132e-06,7.000000096013537e-06,6.000000212225132e-06,7.000000096013537e-06,7.000000096013537e-06,479855598
317,2021-06-14,7.000000096013537e-06,7.000000096013537e-06,7.000000096013537e-06,7.000000096013537e-06,7.000000096013537e-06,484227038
318,2021-06-15,7.000000096013537e-06,9.999999747378752e-06,7.000000096013537e-06,7.000000096013537e-06,7.000000096013537e-06,464565251
319,2021-06-16,9.000000318337698e-06,9.000000318337698e-06,7.999999979801942e-06,7.999999979801942e-06,7.999999979801942e-06,1147441100
320,2021-06-17,7.999999979801942e-06,7.999999979801942e-06,7.999999979801942e-06,7.999999979801942e-06,7.999999979801942e-06,645884625
321,2021-06-18,7.999999979801942e-06,7.999999979801942e-06,7.000000096013537e-06,7.000000096013537e-06,7.000000096013537e-06,560685269
322,2021-06-19,7.000000096013537e-06,7.999999979801942e-06,7.000000096013537e-06,7.999999979801942e-06,7.999999979801942e-06,800211655
323,2021-06-20,7.999999979801942e-06,7.999999979801942e-06,7.000000096013537e-06,7.999999979801942e-06,7.999999979801942e-06,644943959
324,2021-06-21,7.999999979801942e-06,7.999999979801942e-06,6.000000212225132e-06,6.000000212225132e-06,6.000000212225132e-06,719083156
325,2021-06-22,6.000000212225132e-06,7.000000096013537e-06,6.000000212225132e-06,6.000000212225132e-06,6.000000212225132e-06,798815195
326,2021-06-23,6.000000212225132e-06,7.000000096013537e-06,6.000000212225132e-06,7.000000096013537e-06,7.000000096013537e-06,538227669
327,2021-06-24,7.000000096013537e-06,7.000000096013537e-06,7.000000096013537e-06,7.000000096013537e-06,7.000000096013537e-06,374340895
328,2021-06-25,7.000000096013537e-06,7.999999979801942e-06,7.000000096013537e-06,7.000000096013537e-06,7.000000096013537e-06,809551822
329,2021-06-26,7.000000096013537e-06,7.999999979801942e-06,7.000000096013537e-06,7.000000096013537e-06,7.000000096013537e-06,506208122
330,2021-06-27,7.000000096013537e-06,7.999999979801942e-06,7.000000096013537e-06,7.999999979801942e-06,7.999999979801942e-06,368723897
331,2021-06-28,7.999999979801942e-06,7.999999979801942e-06,7.999999979801942e-06,7.999999979801942e-06,7.999999979801942e-06,511642751
332,2021-06-29,7.999999979801942e-06,9.999999747378752e-06,7.999999979801942e-06,9.000000318337698e-06,9.000000318337698e-06,1049937292
333,2021-06-30,9.000000318337698e-06,9.000000318337698e-06,7.999999979801942e-06,9.000000318337698e-06,9.000000318337698e-06,774601888
334,2021-07-01,9.000000318337698e-06,9.000000318337698e-06,7.999999979801942e-06,7.999999979801942e-06,7.999999979801942e-06,472303878
335,2021-07-02,7.999999979801942e-06,7.999999979801942e-06,7.999999979801942e-06,7.999999979801942e-06,7.999999979801942e-06,350380456
336,2021-07-03,7.999999979801942e-06,9.000000318337698e-06,7.999999979801942e-06,9.000000318337698e-06,9.000000318337698e-06,387155665
337,2021-07-04,9.000000318337698e-06,9.000000318337698e-06,7.999999979801942e-06,9.000000318337698e-06,9.000000318337698e-06,382389431
338,2021-07-05,9.000000318337698e-06,9.000000318337698e-06,7.999999979801942e-06,7.999999979801942e-06,7.999999979801942e-06,414501521
339,2021-07-06,7.999999979801942e-06,9.000000318337698e-06,7.999999979801942e-06,9.000000318337698e-06,9.000000318337698e-06,695333646
340,2021-07-07,9.000000318337698e-06,9.000000318337698e-06,9.000000318337698e-06,9.000000318337698e-06,9.000000318337698e-06,400230047
341,2021-07-08,9.000000318337698e-06,9.000000318337698e-06,7.999999979801942e-06,7.999999979801942e-06,7.999999979801942e-06,461821077
342,2021-07-09,7.999999979801942e-06,7.999999979801942e-06,7.999999979801942e-06,7.999999979801942e-06,7.999999979801942e-06,329969149
343,2021-07-10,7.999999979801942e-06,7.999999979801942e-06,7.999999979801942e-06,7.999999979801942e-06,7.999999979801942e-06,307713037
344,2021-07-11,7.999999979801942e-06,7.999999979801942e-06,7.999999979801942e-06,7.999999979801942e-06,7.999999979801942e-06,298920323
345,2021-07-12,7.999999979801942e-06,7.999999979801942e-06,7.000000096013537e-06,7.999999979801942e-06,7.999999979801942e-06,368432617
346,2021-07-13,7.999999979801942e-06,7.999999979801942e-06,7.000000096013537e-06,7.000000096013537e-06,7.000000096013537e-06,314206348
347,2021-07-14,7.000000096013537e-06,7.999999979801942e-06,7.000000096013537e-06,7.000000096013537e-06,7.000000096013537e-06,395606690
348,2021-07-15,7.000000096013537e-06,7.000000096013537e-06,7.000000096013537e-06,7.000000096013537e-06,7.000000096013537e-06,324530088
349,2021-07-16,7.000000096013537e-06,7.000000096013537e-06,7.000000096013537e-06,7.000000096013537e-06,7.000000096013537e-06,271727428
350,2021-07-17,7.000000096013537e-06,7.000000096013537e-06,7.000000096013537e-06,7.000000096013537e-06,7.000000096013537e-06,268313051
351,2021-07-18,7.000000096013537e-06,7.000000096013537e-06,7.000000096013537e-06,7.000000096013537e-06,7.000000096013537e-06,248486447
352,2021-07-19,7.000000096013537e-06,7.000000096013537e-06,6.000000212225132e-06,6.000000212225132e-06,6.000000212225132e-06,300950718
353,2021-07-20,6.000000212225132e-06,6.000000212225132e-06,6.000000212225132e-06,6.000000212225132e-06,6.000000212225132e-06,319956020
354,2021-07-21,6.000000212225132e-06,7.000000096013537e-06,6.000000212225132e-06,7.000000096013537e-06,7.000000096013537e-06,426562130
355,2021-07-22,7.000000096013537e-06,7.000000096013537e-06,6.000000212225132e-06,6.000000212225132e-06,6.000000212225132e-06,280680850
356,2021-07-23,6.000000212225132e-06,7.000000096013537e-06,6.000000212225132e-06,6.000000212225132e-06,6.000000212225132e-06,287940255
357,2021-07-24,6.000000212225132e-06,7.000000096013537e-06,6.000000212225132e-06,6.000000212225132e-06,6.000000212225132e-06,306621338
358,2021-07-25,6.000000212225132e-06,7.000000096013537e-06,6.000000212225132e-06,6.000000212225132e-06,6.000000212225132e-06,254137124
359,2021-07-26,6.000000212225132e-06,7.000000096013537e-06,6.000000212225132e-06,6.000000212225132e-06,6.000000212225132e-06,498257871
360,2021-07-27,6.000000212225132e-06,6.000000212225132e-06,6.000000212225132e-06,6.000000212225132e-06,6.000000212225132e-06,255458467
361,2021-07-28,6.000000212225132e-06,6.000000212225132e-06,6.000000212225132e-06,6.000000212225132e-06,6.000000212225132e-06,226907730
362,2021-07-29,6.000000212225132e-06,7.000000096013537e-06,6.000000212225132e-06,6.000000212225132e-06,6.000000212225132e-06,242987987
363,2021-07-30,6.000000212225132e-06,6.000000212225132e-06,6.000000212225132e-06,6.000000212225132e-06,6.000000212225132e-06,230614586
364,2021-07-31,6.000000212225132e-06,6.000000212225132e-06,6.000000212225132e-06,6.000000212225132e-06,6.000000212225132e-06,198884325
365,2021-08-01,6.000000212225132e-06,7.000000096013537e-06,6.000000212225132e-06,6.000000212225132e-06,6.000000212225132e-06,311601900
366,2021-08-02,6.000000212225132e-06,6.000000212225132e-06,6.000000212225132e-06,6.000000212225132e-06,6.000000212225132e-06,233023667
367,2021-08-03,6.000000212225132e-06,6.000000212225132e-06,6.000000212225132e-06,6.000000212225132e-06,6.000000212225132e-06,199311312
368,2021-08-04,6.000000212225132e-06,6.000000212225132e-06,6.000000212225132e-06,6.000000212225132e-06,6.000000212225132e-06,204792386
369,2021-08-05,6.000000212225132e-06,6.000000212225132e-06,6.000000212225132e-06,6.000000212225132e-06,6.000000212225132e-06,223975108
370,2021-08-06,6.000000212225132e-06,6.000000212225132e-06,6.000000212225132e-06,6.000000212225132e-06,6.000000212225132e-06,248522840
371,2021-08-07,6.000000212225132e-06,7.999999979801942e-06,6.000000212225132e-06,7.999999979801942e-06,7.999999979801942e-06,734135430
372,2021-08-08,7.999999979801942e-06,9.000000318337698e-06,7.000000096013537e-06,7.000000096013537e-06,7.000000096013537e-06,923406924
373,2021-08-09,7.000000096013537e-06,7.999999979801942e-06,7.000000096013537e-06,7.999999979801942e-06,7.999999979801942e-06,513264306
374,2021-08-10,7.999999979801942e-06,7.999999979801942e-06,7.000000096013537e-06,7.999999979801942e-06,7.999999979801942e-06,358181887
375,2021-08-11,7.999999979801942e-06,7.999999979801942e-06,7.999999979801942e-06,7.999999979801942e-06,7.999999979801942e-06,567005556
376,2021-08-12,7.999999979801942e-06,7.999999979801942e-06,7.000000096013537e-06,7.999999979801942e-06,7.999999979801942e-06,447258857
377,2021-08-13,7.999999979801942e-06,7.999999979801942e-06,7.999999979801942e-06,7.999999979801942e-06,7.999999979801942e-06,405525616
378,2021-08-14,7.999999979801942e-06,9.000000318337698e-06,7.999999979801942e-06,7.999999979801942e-06,7.999999979801942e-06,633410230
379,2021-08-15,7.999999979801942e-06,9.000000318337698e-06,7.999999979801942e-06,9.000000318337698e-06,9.000000318337698e-06,511338751
380,2021-08-16,9.000000318337698e-06,9.000000318337698e-06,7.999999979801942e-06,9.000000318337698e-06,9.000000318337698e-06,1002600515
381,2021-08-17,9.000000318337698e-06,9.000000318337698e-06,7.999999979801942e-06,7.999999979801942e-06,7.999999979801942e-06,655276452
382,2021-08-18,7.999999979801942e-06,7.999999979801942e-06,7.999999979801942e-06,7.999999979801942e-06,7.999999979801942e-06,490220596
383,2021-08-19,7.999999979801942e-06,7.999999979801942e-06,7.999999979801942e-06,7.999999979801942e-06,7.999999979801942e-06,358840820
384,2021-08-20,7.999999979801942e-06,9.000000318337698e-06,7.999999979801942e-06,7.999999979801942e-06,7.999999979801942e-06,360709045
385,2021-08-21,7.999999979801942e-06,9.000000318337698e-06,7.999999979801942e-06,7.999999979801942e-06,7.999999979801942e-06,314483766
386,2021-08-22,7.999999979801942e-06,7.999999979801942e-06,7.999999979801942e-06,7.999999979801942e-06,7.999999979801942e-06,292686165
387,2021-08-23,7.999999979801942e-06,7.999999979801942e-06,7.999999979801942e-06,7.999999979801942e-06,7.999999979801942e-06,327215667
388,2021-08-24,7.999999979801942e-06,7.999999979801942e-06,7.000000096013537e-06,7.000000096013537e-06,7.000000096013537e-06,393979166
389,2021-08-25,7.999999979801942e-06,7.999999979801942e-06,7.000000096013537e-06,7.999999979801942e-06,7.999999979801942e-06,338503381
390,2021-08-26,7.999999979801942e-06,7.999999979801942e-06,7.000000096013537e-06,7.000000096013537e-06,7.000000096013537e-06,323676890
391,2021-08-27,7.000000096013537e-06,7.999999979801942e-06,7.000000096013537e-06,7.000000096013537e-06,7.000000096013537e-06,320305426
392,2021-08-28,7.000000096013537e-06,7.000000096013537e-06,7.000000096013537e-06,7.000000096013537e-06,7.000000096013537e-06,223873537
393,2021-08-29,7.000000096013537e-06,7.000000096013537e-06,7.000000096013537e-06,7.000000096013537e-06,7.000000096013537e-06,236155012
394,2021-08-30,7.000000096013537e-06,7.000000096013537e-06,7.000000096013537e-06,7.000000096013537e-06,7.000000096013537e-06,253774182
395,2021-08-31,7.000000096013537e-06,7.000000096013537e-06,7.000000096013537e-06,7.000000096013537e-06,7.000000096013537e-06,290290305
396,2021-09-01,7.000000096013537e-06,7.000000096013537e-06,7.000000096013537e-06,7.000000096013537e-06,7.000000096013537e-06,261160667
397,2021-09-02,7.000000096013537e-06,7.000000096013537e-06,7.000000096013537e-06,7.000000096013537e-06,7.000000096013537e-06,283366175
398,2021-09-03,7.000000096013537e-06,7.000000096013537e-06,7.000000096013537e-06,7.000000096013537e-06,7.000000096013537e-06,260789327
399,2021-09-04,7.000000096013537e-06,7.999999979801942e-06,7.000000096013537e-06,7.000000096013537e-06,7.000000096013537e-06,378296266
400,2021-09-05,7.000000096013537e-06,7.999999979801942e-06,7.000000096013537e-06,7.999999979801942e-06,7.999999979801942e-06,300455633
401,2021-09-06,7.999999979801942e-06,7.999999979801942e-06,7.000000096013537e-06,7.000000096013537e-06,7.000000096013537e-06,334086564
402,2021-09-07,7.000000096013537e-06,7.000000096013537e-06,4.999999873689376e-06,6.000000212225132e-06,6.000000212225132e-06,626371078
403,2021-09-08,6.000000212225132e-06,7.999999979801942e-06,4.999999873689376e-06,7.000000096013537e-06,7.000000096013537e-06,986403280
404,2021-09-09,7.000000096013537e-06,7.999999979801942e-06,7.000000096013537e-06,7.000000096013537e-06,7.000000096013537e-06,784078100
405,2021-09-10,7.000000096013537e-06,7.999999979801942e-06,7.000000096013537e-06,7.000000096013537e-06,7.000000096013537e-06,423733163
406,2021-09-11,7.000000096013537e-06,7.000000096013537e-06,7.000000096013537e-06,7.000000096013537e-06,7.000000096013537e-06,229243568
407,2021-09-12,7.000000096013537e-06,7.000000096013537e-06,7.000000096013537e-06,7.000000096013537e-06,7.000000096013537e-06,243064232
408,2021-09-13,7.000000096013537e-06,7.000000096013537e-06,6.000000212225132e-06,7.000000096013537e-06,7.000000096013537e-06,312789256
409,2021-09-14,7.000000096013537e-06,7.000000096013537e-06,6.000000212225132e-06,7.000000096013537e-06,7.000000096013537e-06,184111151
410,2021-09-15,7.000000096013537e-06,7.000000096013537e-06,7.000000096013537e-06,7.000000096013537e-06,7.000000096013537e-06,203289266
411,2021-09-16,7.000000096013537e-06,9.000000318337698e-06,7.000000096013537e-06,9.000000318337698e-06,9.000000318337698e-06,1624140154
412,2021-09-17,9.000000318337698e-06,9.000000318337698e-06,7.999999979801942e-06,7.999999979801942e-06,7.999999979801942e-06,1663423890
413,2021-09-18,7.999999979801942e-06,9.000000318337698e-06,7.999999979801942e-06,7.999999979801942e-06,7.999999979801942e-06,495513218
414,2021-09-19,7.999999979801942e-06,7.999999979801942e-06,7.000000096013537e-06,7.999999979801942e-06,7.999999979801942e-06,572892039
415,2021-09-20,7.999999979801942e-06,7.999999979801942e-06,7.000000096013537e-06,7.000000096013537e-06,7.000000096013537e-06,586521394
416,2021-09-21,7.000000096013537e-06,7.000000096013537e-06,7.000000096013537e-06,7.000000096013537e-06,7.000000096013537e-06,382463972
417,2021-09-22,7.000000096013537e-06,7.000000096013537e-06,7.000000096013537e-06,7.000000096013537e-06,7.000000096013537e-06,280642205
418,2021-09-23,7.000000096013537e-06,7.999999979801942e-06,7.000000096013537e-06,7.999999979801942e-06,7.999999979801942e-06,370820478
419,2021-09-24,7.999999979801942e-06,7.999999979801942e-06,7.000000096013537e-06,7.000000096013537e-06,7.000000096013537e-06,456964069
420,2021-09-25,7.000000096013537e-06,7.999999979801942e-06,7.000000096013537e-06,7.000000096013537e-06,7.000000096013537e-06,227277343
421,2021-09-26,7.000000096013537e-06,7.000000096013537e-06,7.000000096013537e-06,7.000000096013537e-06,7.000000096013537e-06,257921523
422,2021-09-27,7.000000096013537e-06,7.000000096013537e-06,7.000000096013537e-06,7.000000096013537e-06,7.000000096013537e-06,207040951
423,2021-09-28,7.000000096013537e-06,7.000000096013537e-06,7.000000096013537e-06,7.000000096013537e-06,7.000000096013537e-06,229379215
424,2021-09-29,7.000000096013537e-06,7.000000096013537e-06,7.000000096013537e-06,7.000000096013537e-06,7.000000096013537e-06,193035725
425,2021-09-30,7.000000096013537e-06,7.000000096013537e-06,7.000000096013537e-06,7.000000096013537e-06,7.000000096013537e-06,308553065
426,2021-10-01,7.000000096013537e-06,7.999999979801942e-06,7.000000096013537e-06,7.999999979801942e-06,7.999999979801942e-06,316837935
427,2021-10-02,7.999999979801942e-06,7.999999979801942e-06,7.000000096013537e-06,7.999999979801942e-06,7.999999979801942e-06,320232218
428,2021-10-03,7.999999979801942e-06,9.000000318337698e-06,7.999999979801942e-06,9.000000318337698e-06,9.000000318337698e-06,627602337
429,2021-10-04,9.000000318337698e-06,1.4999999621068127e-05,7.999999979801942e-06,1.2999999853491317e-05,1.2999999853491317e-05,5113996411
430,2021-10-05,1.2999999853491317e-05,1.9999999494757503e-05,1.2000000424450263e-05,1.700000029813964e-05,1.700000029813964e-05,9382762020
431,2021-10-06,1.700000029813964e-05,2.9000000722589903e-05,1.700000029813964e-05,2.8000000384054147e-05,2.8000000384054147e-05,15233960302
432,2021-10-07,2.8000000384054147e-05,3.5000000934815034e-05,2.099999983329326e-05,2.300000051036477e-05,2.300000051036477e-05,18731843000
433,2021-10-08,2.300000051036477e-05,2.9000000722589903e-05,2.099999983329326e-05,2.700000004551839e-05,2.700000004551839e-05,12326548369
434,2021-10-09,2.700000004551839e-05,2.9999999242136255e-05,2.4000000848900527e-05,2.700000004551839e-05,2.700000004551839e-05,6401062357
435,2021-10-10,2.700000004551839e-05,2.8000000384054147e-05,2.499999936844688e-05,2.5999999706982635e-05,2.5999999706982635e-05,3597266431
436,2021-10-11,2.5999999706982635e-05,3.199999991920777e-05,2.5999999706982635e-05,3.099999958067201e-05,3.099999958067201e-05,7321688785
437,2021-10-12,3.099999958067201e-05,3.199999991920777e-05,2.700000004551839e-05,2.9000000722589903e-05,2.9000000722589903e-05,4868743619
438,2021-10-13,2.9000000722589903e-05,3.099999958067201e-05,2.8000000384054147e-05,2.9000000722589903e-05,2.9000000722589903e-05,3082220289
439,2021-10-14,2.9000000722589903e-05,2.9999999242136255e-05,2.700000004551839e-05,2.700000004551839e-05,2.700000004551839e-05,2727081948
440,2021-10-15,2.700000004551839e-05,2.700000004551839e-05,2.300000051036477e-05,2.499999936844688e-05,2.499999936844688e-05,4121246428
441,2021-10-16,2.499999936844688e-05,2.700000004551839e-05,2.499999936844688e-05,2.5999999706982635e-05,2.5999999706982635e-05,1871226740
442,2021-10-17,2.5999999706982635e-05,2.9000000722589903e-05,2.4000000848900527e-05,2.8000000384054147e-05,2.8000000384054147e-05,2304858857
443,2021-10-18,2.8000000384054147e-05,2.9999999242136255e-05,2.5999999706982635e-05,2.9000000722589903e-05,2.9000000722589903e-05,3919367323
444,2021-10-19,2.9000000722589903e-05,2.9000000722589903e-05,2.8000000384054147e-05,2.8000000384054147e-05,2.8000000384054147e-05,1651861422
445,2021-10-20,2.8000000384054147e-05,2.9000000722589903e-05,2.700000004551839e-05,2.9000000722589903e-05,2.9000000722589903e-05,1676016339
446,2021-10-21,2.9000000722589903e-05,2.9000000722589903e-05,2.700000004551839e-05,2.700000004551839e-05,2.700000004551839e-05,1540610794
447,2021-10-22,2.700000004551839e-05,2.8000000384054147e-05,2.700000004551839e-05,2.8000000384054147e-05,2.8000000384054147e-05,1297177007
448,2021-10-23,2.8000000384054147e-05,3.5000000934815034e-05,2.8000000384054147e-05,3.400000059627928e-05,3.400000059627928e-05,4703212108
449,2021-10-24,3.400000059627928e-05,4.400000034365803e-05,3.400000059627928e-05,3.600000127335079e-05,3.600000127335079e-05,15337292521
450,2021-10-25,3.600000127335079e-05,4.400000034365803e-05,3.5000000934815034e-05,4.199999966658652e-05,4.199999966658652e-05,8244210217
451,2021-10-26,4.199999966658652e-05,4.8999998398358e-05,4.099999932805076e-05,4.8000001697801054e-05,4.8000001697801054e-05,11176750625
452,2021-10-27,4.8000001697801054e-05,8.70000003487803e-05,4.70000013592653e-05,7.999999797903001e-05,7.999999797903001e-05,39053846018
453,2021-10-28,7.899999764049426e-05,8.800000068731606e-05,5.700000110664405e-05,6.800000119255856e-05,6.800000119255856e-05,32835212339
454,2021-10-29,6.900000153109431e-05,7.699999696342275e-05,6.0999998822808266e-05,7.500000356230885e-05,7.500000356230885e-05,14287074318
455,2021-10-30,7.500000356230885e-05,7.79999973019585e-05,6.199999916134402e-05,6.500000017695129e-05,6.500000017695129e-05,8093183339
456,2021-10-31,6.500000017695129e-05,7.000000186963007e-05,5.900000178371556e-05,6.70000008540228e-05,6.70000008540228e-05,7990702699
457,2021-11-01,6.70000008540228e-05,7.500000356230885e-05,6.600000051548705e-05,7.200000254670158e-05,7.200000254670158e-05,8120747918
458,2021-11-02,7.200000254670158e-05,7.300000288523734e-05,6.70000008540228e-05,6.900000153109431e-05,6.900000153109431e-05,5316969434
459,2021-11-03,6.900000153109431e-05,6.900000153109431e-05,5.2999999752501026e-05,5.500000042957254e-05,5.500000042957254e-05,6495261244
460,2021-11-04,5.500000042957254e-05,6.0999998822808266e-05,4.3000000005122274e-05,4.8999998398358e-05,4.8999998398358e-05,11486664527
461,2021-11-05,4.8999998398358e-05,6.500000017695129e-05,4.600000102072954e-05,6.199999916134402e-05,6.199999916134402e-05,12401211699
462,2021-11-06,6.299999949987978e-05,6.299999949987978e-05,5.500000042957254e-05,5.900000178371556e-05,5.900000178371556e-05,6445477874
463,2021-11-07,5.900000178371556e-05,5.999999848427251e-05,5.6000000768108293e-05,5.700000110664405e-05,5.700000110664405e-05,3123242451
464,2021-11-08,5.700000110664405e-05,5.900000178371556e-05,5.2999999752501026e-05,5.500000042957254e-05,5.500000042957254e-05,4496482335
465,2021-11-09,5.500000042957254e-05,5.8000001445179805e-05,5.400000009103678e-05,5.500000042957254e-05,5.500000042957254e-05,3142625649
466,2021-11-10,5.500000042957254e-05,5.500000042957254e-05,4.600000102072954e-05,4.999999873689376e-05,4.999999873689376e-05,4318757158
467,2021-11-11,4.999999873689376e-05,5.8000001445179805e-05,4.8999998398358e-05,5.700000110664405e-05,5.700000110664405e-05,5753844727
468,2021-11-12,5.700000110664405e-05,5.700000110664405e-05,5.0999999075429514e-05,5.199999941396527e-05,5.199999941396527e-05,2888701214
469,2021-11-13,5.199999941396527e-05,5.2999999752501026e-05,5.0999999075429514e-05,5.199999941396527e-05,5.199999941396527e-05,1678572265
470,2021-11-14,5.199999941396527e-05,5.6000000768108293e-05,5.199999941396527e-05,5.2999999752501026e-05,5.2999999752501026e-05,2504828825
471,2021-11-15,5.2999999752501026e-05,5.6000000768108293e-05,5.199999941396527e-05,5.2999999752501026e-05,5.2999999752501026e-05,2588941477
472,2021-11-16,5.400000009103678e-05,5.400000009103678e-05,4.600000102072954e-05,4.8000001697801054e-05,4.8000001697801054e-05,3935874227
473,2021-11-17,4.8000001697801054e-05,4.999999873689376e-05,4.70000013592653e-05,4.8000001697801054e-05,4.8000001697801054e-05,2389403757
474,2021-11-18,4.8000001697801054e-05,4.8999998398358e-05,4.099999932805076e-05,4.199999966658652e-05,4.199999966658652e-05,3495863723
475,2021-11-19,4.3000000005122274e-05,5.199999941396527e-05,4.199999966658652e-05,4.8999998398358e-05,4.8999998398358e-05,4244014798
476,2021-11-20,4.8999998398358e-05,4.999999873689376e-05,4.600000102072954e-05,4.8000001697801054e-05,4.8000001697801054e-05,2406332845
477,2021-11-21,4.8000001697801054e-05,4.8000001697801054e-05,4.400000034365803e-05,4.400000034365803e-05,4.400000034365803e-05,1636858723
478,2021-11-22,4.400000034365803e-05,4.600000102072954e-05,4.3000000005122274e-05,4.3000000005122274e-05,4.3000000005122274e-05,1806619697
479,2021-11-23,4.3000000005122274e-05,4.5000000682193786e-05,4.099999932805076e-05,4.199999966658652e-05,4.199999966658652e-05,1893597811
480,2021-11-24,4.199999966658652e-05,4.3000000005122274e-05,3.600000127335079e-05,3.9999998989515007e-05,3.9999998989515007e-05,2027746049
481,2021-11-25,3.7999998312443495e-05,4.8000001697801054e-05,3.7999998312443495e-05,3.9999998989515007e-05,3.9999998989515007e-05,4151282645
482,2021-11-26,4.3000000005122274e-05,4.3000000005122274e-05,3.600000127335079e-05,3.7999998312443495e-05,3.7999998312443495e-05,3770758761
483,2021-11-27,3.899999865097925e-05,4.199999966658652e-05,3.7999998312443495e-05,3.899999865097925e-05,3.899999865097925e-05,2068580738
484,2021-11-28,3.899999865097925e-05,3.9999998989515007e-05,3.7000001611886546e-05,3.899999865097925e-05,3.899999865097925e-05,1902056544
485,2021-11-29,3.899999865097925e-05,4.600000102072954e-05,3.899999865097925e-05,4.600000102072954e-05,4.600000102072954e-05,3667758287
486,2021-11-30,4.5000000682193786e-05,5.400000009103678e-05,4.3000000005122274e-05,4.70000013592653e-05,4.70000013592653e-05,9568498541
487,2021-12-01,4.70000013592653e-05,4.8999998398358e-05,4.400000034365803e-05,4.400000034365803e-05,4.400000034365803e-05,3482541861
488,2021-12-02,4.400000034365803e-05,4.400000034365803e-05,4.099999932805076e-05,4.199999966658652e-05,4.199999966658652e-05,2042872233
489,2021-12-03,4.199999966658652e-05,4.5000000682193786e-05,3.9999998989515007e-05,3.9999998989515007e-05,3.9999998989515007e-05,2740977676
490,2021-12-04,4.099999932805076e-05,4.099999932805076e-05,2.9999999242136255e-05,3.7000001611886546e-05,3.7000001611886546e-05,3873494147
491,2021-12-05,3.600000127335079e-05,3.7999998312443495e-05,3.400000059627928e-05,3.600000127335079e-05,3.600000127335079e-05,2307804650
492,2021-12-06,3.600000127335079e-05,3.7999998312443495e-05,3.300000025774352e-05,3.7000001611886546e-05,3.7000001611886546e-05,2321209665
493,2021-12-07,3.7000001611886546e-05,3.899999865097925e-05,3.600000127335079e-05,3.600000127335079e-05,3.600000127335079e-05,1844522891
494,2021-12-08,3.600000127335079e-05,3.7999998312443495e-05,3.600000127335079e-05,3.7000001611886546e-05,3.7000001611886546e-05,1257581860
495,2021-12-09,3.7000001611886546e-05,3.7000001611886546e-05,3.400000059627928e-05,3.5000000934815034e-05,3.5000000934815034e-05,1123882103
496,2021-12-10,3.5000000934815034e-05,3.600000127335079e-05,3.300000025774352e-05,3.400000059627928e-05,3.400000059627928e-05,1033903140
497,2021-12-11,3.400000059627928e-05,3.5000000934815034e-05,3.300000025774352e-05,3.400000059627928e-05,3.400000059627928e-05,940194089
498,2021-12-12,3.400000059627928e-05,3.7999998312443495e-05,3.400000059627928e-05,3.7000001611886546e-05,3.7000001611886546e-05,1460048877
499,2021-12-13,3.7000001611886546e-05,3.7000001611886546e-05,3.199999991920777e-05,3.300000025774352e-05,3.300000025774352e-05,1464806802
500,2021-12-14,3.300000025774352e-05,3.600000127335079e-05,3.300000025774352e-05,3.400000059627928e-05,3.400000059627928e-05,1476971270
501,2021-12-15,3.400000059627928e-05,3.400000059627928e-05,3.199999991920777e-05,3.400000059627928e-05,3.400000059627928e-05,1184733848
502,2021-12-16,3.400000059627928e-05,3.5000000934815034e-05,3.300000025774352e-05,3.300000025774352e-05,3.300000025774352e-05,996204378
503,2021-12-17,3.300000025774352e-05,3.300000025774352e-05,2.9999999242136255e-05,3.099999958067201e-05,3.099999958067201e-05,1162002333
504,2021-12-18,3.099999958067201e-05,3.199999991920777e-05,3.099999958067201e-05,3.099999958067201e-05,3.099999958067201e-05,709723245
505,2021-12-19,3.099999958067201e-05,3.199999991920777e-05,3.099999958067201e-05,3.099999958067201e-05,3.099999958067201e-05,614447517
506,2021-12-20,3.099999958067201e-05,3.300000025774352e-05,2.8000000384054147e-05,3.099999958067201e-05,3.099999958067201e-05,1811009989
507,2021-12-21,3.099999958067201e-05,3.300000025774352e-05,3.099999958067201e-05,3.300000025774352e-05,3.300000025774352e-05,1375249878
508,2021-12-22,3.300000025774352e-05,3.7999998312443495e-05,3.300000025774352e-05,3.5000000934815034e-05,3.5000000934815034e-05,2281163530
509,2021-12-23,3.5000000934815034e-05,3.899999865097925e-05,3.400000059627928e-05,3.899999865097925e-05,3.899999865097925e-05,2040585378
510,2021-12-24,3.899999865097925e-05,3.9999998989515007e-05,3.600000127335079e-05,3.600000127335079e-05,3.600000127335079e-05,2060282601
511,2021-12-25,3.600000127335079e-05,3.7999998312443495e-05,3.600000127335079e-05,3.7999998312443495e-05,3.7999998312443495e-05,1127932936
512,2021-12-26,3.7999998312443495e-05,3.899999865097925e-05,3.7000001611886546e-05,3.7999998312443495e-05,3.7999998312443495e-05,1212604991
513,2021-12-27,3.7999998312443495e-05,3.899999865097925e-05,3.7999998312443495e-05,3.899999865097925e-05,3.899999865097925e-05,1265319187
514,2021-12-28,3.899999865097925e-05,3.899999865097925e-05,3.400000059627928e-05,3.5000000934815034e-05,3.5000000934815034e-05,1817436004
515,2021-12-29,3.5000000934815034e-05,3.600000127335079e-05,3.300000025774352e-05,3.400000059627928e-05,3.400000059627928e-05,1210252540
516,2021-12-30,3.400000059627928e-05,3.400000059627928e-05,3.300000025774352e-05,3.400000059627928e-05,3.400000059627928e-05,989363049
517,2021-12-31,3.400000059627928e-05,3.5000000934815034e-05,3.300000025774352e-05,3.300000025774352e-05,3.300000025774352e-05,934738093
518,2022-01-01,3.300000025774352e-05,3.400000059627928e-05,3.300000025774352e-05,3.400000059627928e-05,3.400000059627928e-05,608789558
519,2022-01-02,3.400000059627928e-05,3.400000059627928e-05,3.400000059627928e-05,3.400000059627928e-05,3.400000059627928e-05,574109134
520,2022-01-03,3.400000059627928e-05,3.400000059627928e-05,3.199999991920777e-05,3.300000025774352e-05,3.300000025774352e-05,720676202
521,2022-01-04,3.300000025774352e-05,3.300000025774352e-05,3.199999991920777e-05,3.199999991920777e-05,3.199999991920777e-05,717218977
522,2022-01-05,3.199999991920777e-05,3.300000025774352e-05,2.9000000722589903e-05,2.9999999242136255e-05,2.9999999242136255e-05,1138566779
523,2022-01-06,2.9999999242136255e-05,3.199999991920777e-05,2.9000000722589903e-05,3.099999958067201e-05,3.099999958067201e-05,1172523092
524,2022-01-07,3.099999958067201e-05,3.099999958067201e-05,2.9000000722589903e-05,2.9000000722589903e-05,2.9000000722589903e-05,1169467775
525,2022-01-08,2.9000000722589903e-05,2.9999999242136255e-05,2.700000004551839e-05,2.8000000384054147e-05,2.8000000384054147e-05,1081101278
526,2022-01-09,2.8000000384054147e-05,2.9000000722589903e-05,2.8000000384054147e-05,2.8000000384054147e-05,2.8000000384054147e-05,741130328
527,2022-01-10,2.8000000384054147e-05,2.9000000722589903e-05,2.5999999706982635e-05,2.700000004551839e-05,2.700000004551839e-05,1044022667
528,2022-01-11,2.700000004551839e-05,2.8000000384054147e-05,2.5999999706982635e-05,2.8000000384054147e-05,2.8000000384054147e-05,856528185
529,2022-01-12,2.8000000384054147e-05,3.199999991920777e-05,2.8000000384054147e-05,3.199999991920777e-05,3.199999991920777e-05,1541810685
530,2022-01-13,3.199999991920777e-05,3.300000025774352e-05,2.9000000722589903e-05,2.9999999242136255e-05,2.9999999242136255e-05,1435576624
531,2022-01-14,2.9999999242136255e-05,3.199999991920777e-05,2.9000000722589903e-05,3.099999958067201e-05,3.099999958067201e-05,1538750911
532,2022-01-15,3.099999958067201e-05,3.099999958067201e-05,3.099999958067201e-05,3.099999958067201e-05,3.099999958067201e-05,697319385
533,2022-01-16,3.099999958067201e-05,3.099999958067201e-05,2.9999999242136255e-05,3.099999958067201e-05,3.099999958067201e-05,613620998
534,2022-01-17,3.099999958067201e-05,3.099999958067201e-05,2.8000000384054147e-05,2.9000000722589903e-05,2.9000000722589903e-05,758868918
535,2022-01-18,2.9000000722589903e-05,2.9000000722589903e-05,2.8000000384054147e-05,2.8000000384054147e-05,2.8000000384054147e-05,817784966
536,2022-01-19,2.8000000384054147e-05,2.8000000384054147e-05,2.700000004551839e-05,2.700000004551839e-05,2.700000004551839e-05,644592746
537,2022-01-20,2.700000004551839e-05,2.9000000722589903e-05,2.5999999706982635e-05,2.5999999706982635e-05,2.5999999706982635e-05,380410746
538,2022-01-21,2.5999999706982635e-05,2.700000004551839e-05,2.2000000171829015e-05,2.2000000171829015e-05,2.2000000171829015e-05,1422249920
539,2022-01-22,2.2000000171829015e-05,2.2000000171829015e-05,1.700000029813964e-05,2.099999983329326e-05,2.099999983329326e-05,2140529993
540,2022-01-23,2.099999983329326e-05,2.4000000848900527e-05,2.099999983329326e-05,2.2000000171829015e-05,2.2000000171829015e-05,1957464251
541,2022-01-24,2.2000000171829015e-05,2.300000051036477e-05,1.8999999156221747e-05,2.099999983329326e-05,2.099999983329326e-05,1924476636
542,2022-01-25,2.099999983329326e-05,2.2000000171829015e-05,1.9999999494757503e-05,2.099999983329326e-05,2.099999983329326e-05,1047337942
543,2022-01-26,2.099999983329326e-05,2.300000051036477e-05,2.099999983329326e-05,2.099999983329326e-05,2.099999983329326e-05,1155008423
544,2022-01-27,2.099999983329326e-05,2.2000000171829015e-05,1.9999999494757503e-05,2.099999983329326e-05,2.099999983329326e-05,890469542
545,2022-01-28,2.099999983329326e-05,2.099999983329326e-05,1.9999999494757503e-05,2.099999983329326e-05,2.099999983329326e-05,538455794
546,2022-01-29,2.099999983329326e-05,2.2000000171829015e-05,2.099999983329326e-05,2.2000000171829015e-05,2.2000000171829015e-05,551033703
547,2022-01-30,2.2000000171829015e-05,2.2000000171829015e-05,2.099999983329326e-05,2.099999983329326e-05,2.099999983329326e-05,488342024
548,2022-01-31,2.099999983329326e-05,2.2000000171829015e-05,1.9999999494757503e-05,2.099999983329326e-05,2.099999983329326e-05,531285879
549,2022-02-01,2.099999983329326e-05,2.2000000171829015e-05,2.099999983329326e-05,2.2000000171829015e-05,2.2000000171829015e-05,519254046
550,2022-02-02,2.2000000171829015e-05,2.2000000171829015e-05,1.9999999494757503e-05,2.099999983329326e-05,2.099999983329326e-05,484518640
551,2022-02-03,2.099999983329326e-05,2.099999983329326e-05,1.9999999494757503e-05,2.099999983329326e-05,2.099999983329326e-05,421850042
552,2022-02-04,2.099999983329326e-05,2.2000000171829015e-05,2.099999983329326e-05,2.2000000171829015e-05,2.2000000171829015e-05,609855710
553,2022-02-05,2.2000000171829015e-05,2.4000000848900527e-05,2.2000000171829015e-05,2.300000051036477e-05,2.300000051036477e-05,842566055
554,2022-02-06,2.300000051036477e-05,2.8000000384054147e-05,2.2000000171829015e-05,2.8000000384054147e-05,2.8000000384054147e-05,2156462842
555,2022-02-07,2.8000000384054147e-05,3.5000000934815034e-05,2.700000004551839e-05,3.300000025774352e-05,3.300000025774352e-05,4764331366
556,2022-02-08,3.300000025774352e-05,3.5000000934815034e-05,2.9999999242136255e-05,3.099999958067201e-05,3.099999958067201e-05,3618590002
557,2022-02-09,3.099999958067201e-05,3.400000059627928e-05,3.099999958067201e-05,3.300000025774352e-05,3.300000025774352e-05,2365650708
558,2022-02-10,3.300000025774352e-05,3.400000059627928e-05,3.099999958067201e-05,3.099999958067201e-05,3.099999958067201e-05,2546459745
559,2022-02-11,3.099999958067201e-05,3.199999991920777e-05,2.8000000384054147e-05,2.9000000722589903e-05,2.9000000722589903e-05,2012806768
560,2022-02-12,2.9000000722589903e-05,2.9999999242136255e-05,2.8000000384054147e-05,2.9000000722589903e-05,2.9000000722589903e-05,1683120664
561,2022-02-13,2.9000000722589903e-05,3.199999991920777e-05,2.9000000722589903e-05,2.9999999242136255e-05,2.9999999242136255e-05,2065365631
562,2022-02-14,2.9999999242136255e-05,3.099999958067201e-05,2.9000000722589903e-05,2.9999999242136255e-05,2.9999999242136255e-05,1558119657
563,2022-02-15,2.9999999242136255e-05,3.199999991920777e-05,2.9999999242136255e-05,3.099999958067201e-05,3.099999958067201e-05,1602354887
564,2022-02-16,3.099999958067201e-05,3.099999958067201e-05,2.9999999242136255e-05,3.099999958067201e-05,3.099999958067201e-05,1350071541
565,2022-02-17,3.099999958067201e-05,3.199999991920777e-05,2.8000000384054147e-05,2.8000000384054147e-05,2.8000000384054147e-05,2067544526
566,2022-02-18,2.8000000384054147e-05,2.9999999242136255e-05,2.8000000384054147e-05,2.8000000384054147e-05,2.8000000384054147e-05,1458694142
567,2022-02-19,2.8000000384054147e-05,2.9000000722589903e-05,2.700000004551839e-05,2.8000000384054147e-05,2.8000000384054147e-05,929189862
568,2022-02-20,2.8000000384054147e-05,2.8000000384054147e-05,2.499999936844688e-05,2.5999999706982635e-05,2.5999999706982635e-05,1235841144
569,2022-02-21,2.5999999706982635e-05,2.700000004551839e-05,2.4000000848900527e-05,2.4000000848900527e-05,2.4000000848900527e-05,2001180593
570,2022-02-22,2.4000000848900527e-05,2.499999936844688e-05,2.300000051036477e-05,2.499999936844688e-05,2.499999936844688e-05,1524043647
571,2022-02-23,2.499999936844688e-05,2.700000004551839e-05,2.499999936844688e-05,2.499999936844688e-05,2.499999936844688e-05,1728129985
572,2022-02-24,2.499999936844688e-05,2.499999936844688e-05,2.099999983329326e-05,2.4000000848900527e-05,2.4000000848900527e-05,3275038601
573,2022-02-25,2.4000000848900527e-05,2.499999936844688e-05,2.300000051036477e-05,2.499999936844688e-05,2.499999936844688e-05,1740381961
574,2022-02-26,2.499999936844688e-05,2.5999999706982635e-05,2.4000000848900527e-05,2.4000000848900527e-05,2.4000000848900527e-05,1099351580
575,2022-02-27,2.4000000848900527e-05,2.499999936844688e-05,2.300000051036477e-05,2.300000051036477e-05,2.300000051036477e-05,1217089606
576,2022-02-28,2.300000051036477e-05,2.5999999706982635e-05,2.300000051036477e-05,2.5999999706982635e-05,2.5999999706982635e-05,1513953706
577,2022-03-01,2.5999999706982635e-05,2.8000000384054147e-05,2.499999936844688e-05,2.700000004551839e-05,2.700000004551839e-05,2075874028
578,2022-03-02,2.700000004551839e-05,2.700000004551839e-05,2.5999999706982635e-05,2.5999999706982635e-05,2.5999999706982635e-05,1396864024
579,2022-03-03,2.5999999706982635e-05,2.5999999706982635e-05,2.499999936844688e-05,2.499999936844688e-05,2.499999936844688e-05,963213922
580,2022-03-04,2.499999936844688e-05,2.499999936844688e-05,2.300000051036477e-05,2.4000000848900527e-05,2.4000000848900527e-05,977852640
581,2022-03-05,2.4000000848900527e-05,2.499999936844688e-05,2.300000051036477e-05,2.499999936844688e-05,2.499999936844688e-05,722836004
582,2022-03-06,2.499999936844688e-05,2.499999936844688e-05,2.300000051036477e-05,2.4000000848900527e-05,2.4000000848900527e-05,639453988
583,2022-03-07,2.4000000848900527e-05,2.4000000848900527e-05,2.2000000171829015e-05,2.300000051036477e-05,2.300000051036477e-05,877141756
584,2022-03-08,2.300000051036477e-05,2.300000051036477e-05,2.300000051036477e-05,2.300000051036477e-05,2.300000051036477e-05,703855373
585,2022-03-09,2.300000051036477e-05,2.4000000848900527e-05,2.300000051036477e-05,2.4000000848900527e-05,2.4000000848900527e-05,951434921
586,2022-03-10,2.4000000848900527e-05,2.4000000848900527e-05,2.2000000171829015e-05,2.300000051036477e-05,2.300000051036477e-05,818094363
587,2022-03-11,2.300000051036477e-05,2.300000051036477e-05,2.2000000171829015e-05,2.2000000171829015e-05,2.2000000171829015e-05,748848965
588,2022-03-12,2.2000000171829015e-05,2.300000051036477e-05,2.2000000171829015e-05,2.2000000171829015e-05,2.2000000171829015e-05,438871956
589,2022-03-13,2.2000000171829015e-05,2.300000051036477e-05,2.099999983329326e-05,2.2000000171829015e-05,2.2000000171829015e-05,660720467
590,2022-03-14,2.2000000171829015e-05,2.2000000171829015e-05,2.099999983329326e-05,2.2000000171829015e-05,2.2000000171829015e-05,632243876
591,2022-03-15,2.2000000171829015e-05,2.2000000171829015e-05,2.099999983329326e-05,2.2000000171829015e-05,2.2000000171829015e-05,640514222
592,2022-03-16,2.2000000171829015e-05,2.300000051036477e-05,2.2000000171829015e-05,2.300000051036477e-05,2.300000051036477e-05,841713079
593,2022-03-17,2.300000051036477e-05,2.300000051036477e-05,2.2000000171829015e-05,2.2000000171829015e-05,2.2000000171829015e-05,594487997
594,2022-03-18,2.2000000171829015e-05,2.300000051036477e-05,2.2000000171829015e-05,2.2000000171829015e-05,2.2000000171829015e-05,696479699
595,2022-03-19,2.2000000171829015e-05,2.499999936844688e-05,2.2000000171829015e-05,2.4000000848900527e-05,2.4000000848900527e-05,1912871449
596,2022-03-20,2.4000000848900527e-05,2.4000000848900527e-05,2.300000051036477e-05,2.300000051036477e-05,2.300000051036477e-05,1176567440
597,2022-03-21,2.300000051036477e-05,2.300000051036477e-05,2.2000000171829015e-05,2.300000051036477e-05,2.300000051036477e-05,746003820
598,2022-03-22,2.300000051036477e-05,2.4000000848900527e-05,2.300000051036477e-05,2.300000051036477e-05,2.300000051036477e-05,987790840
599,2022-03-23,2.300000051036477e-05,2.499999936844688e-05,2.300000051036477e-05,2.4000000848900527e-05,2.4000000848900527e-05,1272114432
600,2022-03-24,2.4000000848900527e-05,2.499999936844688e-05,2.4000000848900527e-05,2.499999936844688e-05,2.499999936844688e-05,1339708814
601,2022-03-25,2.499999936844688e-05,2.499999936844688e-05,2.4000000848900527e-05,2.4000000848900527e-05,2.4000000848900527e-05,906531254
602,2022-03-26,2.4000000848900527e-05,2.499999936844688e-05,2.4000000848900527e-05,2.4000000848900527e-05,2.4000000848900527e-05,472902729
603,2022-03-27,2.4000000848900527e-05,2.5999999706982635e-05,2.4000000848900527e-05,2.5999999706982635e-05,2.5999999706982635e-05,792774798
604,2022-03-28,2.5999999706982635e-05,2.9000000722589903e-05,2.499999936844688e-05,2.5999999706982635e-05,2.5999999706982635e-05,3561607258
605,2022-03-29,2.5999999706982635e-05,2.8000000384054147e-05,2.5999999706982635e-05,2.700000004551839e-05,2.700000004551839e-05,2063838416
606,2022-03-30,2.700000004551839e-05,2.8000000384054147e-05,2.5999999706982635e-05,2.700000004551839e-05,2.700000004551839e-05,1629913880
607,2022-03-31,2.700000004551839e-05,2.8000000384054147e-05,2.5999999706982635e-05,2.5999999706982635e-05,2.5999999706982635e-05,1418516436
608,2022-04-01,2.5999999706982635e-05,2.5999999706982635e-05,2.499999936844688e-05,2.5999999706982635e-05,2.5999999706982635e-05,1141763445
609,2022-04-02,2.5999999706982635e-05,2.700000004551839e-05,2.5999999706982635e-05,2.5999999706982635e-05,2.5999999706982635e-05,1189366972
610,2022-04-03,2.5999999706982635e-05,2.700000004551839e-05,2.5999999706982635e-05,2.700000004551839e-05,2.700000004551839e-05,918512393
611,2022-04-04,2.700000004551839e-05,2.700000004551839e-05,2.5999999706982635e-05,2.5999999706982635e-05,2.5999999706982635e-05,1101356399
612,2022-04-05,2.5999999706982635e-05,2.8000000384054147e-05,2.5999999706982635e-05,2.700000004551839e-05,2.700000004551839e-05,1507483085
613,2022-04-06,2.700000004551839e-05,2.700000004551839e-05,2.4000000848900527e-05,2.4000000848900527e-05,2.4000000848900527e-05,1296200471
614,2022-04-07,2.4000000848900527e-05,2.499999936844688e-05,2.4000000848900527e-05,2.499999936844688e-05,2.499999936844688e-05,687645596
615,2022-04-08,2.499999936844688e-05,2.499999936844688e-05,2.4000000848900527e-05,2.4000000848900527e-05,2.4000000848900527e-05,624386355
616,2022-04-09,2.4000000848900527e-05,2.499999936844688e-05,2.4000000848900527e-05,2.499999936844688e-05,2.499999936844688e-05,456283801
617,2022-04-10,2.499999936844688e-05,2.499999936844688e-05,2.4000000848900527e-05,2.499999936844688e-05,2.499999936844688e-05,683926475
618,2022-04-11,2.499999936844688e-05,2.499999936844688e-05,2.2000000171829015e-05,2.2000000171829015e-05,2.2000000171829015e-05,739648605
619,2022-04-12,2.2000000171829015e-05,2.9999999242136255e-05,2.2000000171829015e-05,2.700000004551839e-05,2.700000004551839e-05,3927623558
620,2022-04-13,2.700000004551839e-05,2.8000000384054147e-05,2.5999999706982635e-05,2.700000004551839e-05,2.700000004551839e-05,2032682825
621,2022-04-14,2.700000004551839e-05,2.700000004551839e-05,2.499999936844688e-05,2.5999999706982635e-05,2.5999999706982635e-05,1152162515
622,2022-04-15,2.5999999706982635e-05,2.5999999706982635e-05,2.5999999706982635e-05,2.5999999706982635e-05,2.5999999706982635e-05,464520286
623,2022-04-16,2.5999999706982635e-05,2.5999999706982635e-05,2.499999936844688e-05,2.5999999706982635e-05,2.5999999706982635e-05,338664091
624,2022-04-17,2.5999999706982635e-05,2.5999999706982635e-05,2.499999936844688e-05,2.499999936844688e-05,2.499999936844688e-05,420838842
625,2022-04-18,2.499999936844688e-05,2.499999936844688e-05,2.4000000848900527e-05,2.499999936844688e-05,2.499999936844688e-05,713137006
626,2022-04-19,2.499999936844688e-05,2.5999999706982635e-05,2.499999936844688e-05,2.499999936844688e-05,2.499999936844688e-05,514266085
627,2022-04-20,2.499999936844688e-05,2.5999999706982635e-05,2.499999936844688e-05,2.499999936844688e-05,2.499999936844688e-05,628811523
628,2022-04-21,2.499999936844688e-05,2.499999936844688e-05,2.4000000848900527e-05,2.4000000848900527e-05,2.4000000848900527e-05,520836111
629,2022-04-22,2.4000000848900527e-05,2.499999936844688e-05,2.4000000848900527e-05,2.4000000848900527e-05,2.4000000848900527e-05,431642746
630,2022-04-23,2.4000000848900527e-05,2.499999936844688e-05,2.4000000848900527e-05,2.4000000848900527e-05,2.4000000848900527e-05,341880954
631,2022-04-24,2.4000000848900527e-05,2.4000000848900527e-05,2.4000000848900527e-05,2.4000000848900527e-05,2.4000000848900527e-05,328056265
632,2022-04-25,2.4000000848900527e-05,2.499999936844688e-05,2.2000000171829015e-05,2.4000000848900527e-05,2.4000000848900527e-05,1200258088
633,2022-04-26,2.4000000848900527e-05,2.499999936844688e-05,2.300000051036477e-05,2.300000051036477e-05,2.300000051036477e-05,729940767
